Area,Name,Category,Typical Closing Time,Address,Phone,Website,Driving Distance,Google Maps Driving Link,Vibe Tags
Capitol Hill,Unicorn,Bar,2:00 AM,,,,Click link,https://www.google.com/maps/dir/?api=1&origin=Little+Red+Hen+Seattle&destination=Unicorn+Seattle&travelmode=driving,"drinks, social"
Capitol Hill,Linda's Tavern,Bar,2:00 AM,,,,Click link,https://www.google.com/maps/dir/?api=1&origin=Little+Red+Hen+Seattle&destination=Linda's+Tavern+Seattle&travelmode=driving,"drinks, social"
Capitol Hill,Cha Cha Lounge,Bar,2:00 AM,,,,Click link,https://www.google.com/maps/dir/?api=1&origin=Little+Red+Hen+Seattle&destination=Cha+Cha+Lounge+Seattle&travelmode=driving,"drinks, social"
Capitol Hill,Canon,Cocktail Bar,1:00–2:00 AM,,,,Click link,https://www.google.com/maps/dir/?api=1&origin=Little+Red+Hen+Seattle&destination=Canon+Seattle&travelmode=driving,"date-friendly, drinks, social, upscale"
Capitol Hill,Q Nightclub,Nightclub,2:00 AM,,,,Click link,https://www.google.com/maps/dir/?api=1&origin=Little+Red+Hen+Seattle&destination=Q+Nightclub+Seattle&travelmode=driving,"dancey, high-energy, late-night"
Capitol Hill,Neighbors Nightclub,Nightclub,2:00 AM,,,,Click link,https://www.google.com/maps/dir/?api=1&origin=Little+Red+Hen+Seattle&destination=Neighbors+Nightclub+Seattle&travelmode=driving,"dancey, high-energy, late-night"
Capitol Hill,The Crescent Lounge,Bar,2:00 AM,,,,Click link,https://www.google.com/maps/dir/?api=1&origin=Little+Red+Hen+Seattle&destination=The+Crescent+Lounge+Seattle&travelmode=driving,"drinks, social"
Capitol Hill,Pony,Bar,2:00 AM,,,,Click link,https://www.google.com/maps/dir/?api=1&origin=Little+Red+Hen+Seattle&destination=Pony+Seattle&travelmode=driving,"drinks, social"
Capitol Hill,Lost Lake Cafe & Lounge,Diner / Bar,Late / 24h,,,,Click link,https://www.google.com/maps/dir/?api=1&origin=Little+Red+Hen+Seattle&destination=Lost+Lake+Cafe+&+Lounge+Seattle&travelmode=driving,"drinks, food-focused, late-eats, social"
Capitol Hill,Hot Mama's Pizza,Restaurant,2:00 AM,,,,Click link,https://www.google.com/maps/dir/?api=1&origin=Little+Red+Hen+Seattle&destination=Hot+Mama's+Pizza+Seattle&travelmode=driving,"food-focused, late-eats"
Capitol Hill,Life on Mars,Bar / Restaurant,1:00–2:00 AM,,,,Click link,https://www.google.com/maps/dir/?api=1&origin=Little+Red+Hen+Seattle&destination=Life+on+Mars+Seattle&travelmode=driving,"drinks, food-focused, late-eats, social"
Capitol Hill,Pie Bar,Dessert Bar,12:00–1:00 AM,,,,Click link,https://www.google.com/maps/dir/?api=1&origin=Little+Red+Hen+Seattle&destination=Pie+Bar+Seattle&travelmode=driving,"chill, drinks, social, sweet"
Capitol Hill,Rumba,Bar / Club,2:00 AM,,,,Click link,https://www.google.com/maps/dir/?api=1&origin=Little+Red+Hen+Seattle&destination=Rumba+Seattle&travelmode=driving,"dancey, drinks, high-energy, late-night, social"
Capitol Hill,Havana,Bar / Club,2:00 AM,,,,Click link,https://www.google.com/maps/dir/?api=1&origin=Little+Red+Hen+Seattle&destination=Havana+Seattle&travelmode=driving,"dancey, drinks, high-energy, late-night, social"
Capitol Hill,Bait Shop,Bar,2:00 AM,,,,Click link,https://www.google.com/maps/dir/?api=1&origin=Little+Red+Hen+Seattle&destination=Bait+Shop+Seattle&travelmode=driving,"drinks, social"
Capitol Hill,Bar House,Bar,2:00 AM,,,,Click link,https://www.google.com/maps/dir/?api=1&origin=Little+Red+Hen+Seattle&destination=Bar+House+Seattle&travelmode=driving,"drinks, social"
Capitol Hill,Sugar Hill,Bar,2:00 AM,,,,Click link,https://www.google.com/maps/dir/?api=1&origin=Little+Red+Hen+Seattle&destination=Sugar+Hill+Seattle&travelmode=driving,"drinks, social"
Capitol Hill,Still Liquor,Bar,2:00 AM,,,,Click link,https://www.google.com/maps/dir/?api=1&origin=Little+Red+Hen+Seattle&destination=Still+Liquor+Seattle&travelmode=driving,"drinks, social"
Capitol Hill,Rayo,Bar,1:00–2:00 AM,,,,Click link,https://www.google.com/maps/dir/?api=1&origin=Little+Red+Hen+Seattle&destination=Rayo+Seattle&travelmode=driving,"drinks, social"
Capitol Hill,The Pine Box,Bar,2:00 AM,,,,Click link,https://www.google.com/maps/dir/?api=1&origin=Little+Red+Hen+Seattle&destination=The+Pine+Box+Seattle&travelmode=driving,"drinks, social"
Capitol Hill,Summit Public House,Pub,2:00 AM,,,,Click link,https://www.google.com/maps/dir/?api=1&origin=Little+Red+Hen+Seattle&destination=Summit+Public+House+Seattle&travelmode=driving,"drinks, social"
Capitol Hill,Re-bar,Club,2:00 AM,,,,Click link,https://www.google.com/maps/dir/?api=1&origin=Little+Red+Hen+Seattle&destination=Re-bar+Seattle&travelmode=driving,"dancey, high-energy, late-night"
Capitol Hill,Cuff Complex,Club,2:00 AM,,,,Click link,https://www.google.com/maps/dir/?api=1&origin=Little+Red+Hen+Seattle&destination=Cuff+Complex+Seattle&travelmode=driving,"dancey, high-energy, late-night"
Capitol Hill,Karaoke at Rock Box,Karaoke,2:00 AM+,,,,Click link,https://www.google.com/maps/dir/?api=1&origin=Little+Red+Hen+Seattle&destination=Karaoke+at+Rock+Box+Seattle&travelmode=driving,"group-fun, interactive"
Capitol Hill,Neumos,Music Venue / Bar,Late,,,,Click link,https://www.google.com/maps/dir/?api=1&origin=Little+Red+Hen+Seattle&destination=Neumos+Seattle&travelmode=driving,"drinks, live-music, loud, social"
Capitol Hill,Barboza,Music Venue / Bar,Late,,,,Click link,https://www.google.com/maps/dir/?api=1&origin=Little+Red+Hen+Seattle&destination=Barboza+Seattle&travelmode=driving,"drinks, live-music, loud, social"
Capitol Hill,Chop Suey,Music Venue / Bar,Late,,,,Click link,https://www.google.com/maps/dir/?api=1&origin=Little+Red+Hen+Seattle&destination=Chop+Suey+Seattle&travelmode=driving,"drinks, live-music, loud, social"
Capitol Hill,The Alley,Bar,2:00 AM,,,,Click link,https://www.google.com/maps/dir/?api=1&origin=Little+Red+Hen+Seattle&destination=The+Alley+Seattle&travelmode=driving,"drinks, social"
Capitol Hill,Retro,Bar,2:00 AM,,,,Click link,https://www.google.com/maps/dir/?api=1&origin=Little+Red+Hen+Seattle&destination=Retro+Seattle&travelmode=driving,"drinks, social"
Capitol Hill,Twilight Exit,Bar,2:00 AM,,,,Click link,https://www.google.com/maps/dir/?api=1&origin=Little+Red+Hen+Seattle&destination=Twilight+Exit+Seattle&travelmode=driving,"drinks, social"
Capitol Hill,Hula Hula,Tiki / Karaoke Bar,2:00 AM,,,,Click link,https://www.google.com/maps/dir/?api=1&origin=Little+Red+Hen+Seattle&destination=Hula+Hula+Seattle&travelmode=driving,"drinks, group-fun, interactive, social"
Capitol Hill,Still Life,Bar,1:00–2:00 AM,,,,Click link,https://www.google.com/maps/dir/?api=1&origin=Little+Red+Hen+Seattle&destination=Still+Life+Seattle&travelmode=driving,"drinks, social"
Capitol Hill,Vito's,Restaurant / Bar,12:00 AM,,,,Click link,https://www.google.com/maps/dir/?api=1&origin=Little+Red+Hen+Seattle&destination=Vito's+Seattle&travelmode=driving,"drinks, food-focused, late-eats, social"
Capitol Hill,Ocho,Bar,2:00 AM,,,,Click link,https://www.google.com/maps/dir/?api=1&origin=Little+Red+Hen+Seattle&destination=Ocho+Seattle&travelmode=driving,"drinks, social"
Capitol Hill,Fogón Cocina Mexicana (Bar),Restaurant / Bar,11:00 PM,,,,Click link,https://www.google.com/maps/dir/?api=1&origin=Little+Red+Hen+Seattle&destination=Fogón+Cocina+Mexicana+(Bar)+Seattle&travelmode=driving,"drinks, food-focused, late-eats, social"
Capitol Hill,Taylor Shellfish (Bar),Restaurant / Bar,11:00 PM,,,,Click link,https://www.google.com/maps/dir/?api=1&origin=Little+Red+Hen+Seattle&destination=Taylor+Shellfish+(Bar)+Seattle&travelmode=driving,"drinks, food-focused, late-eats, social"
Capitol Hill,Kedai Makan,Restaurant,11:00 PM,,,,Click link,https://www.google.com/maps/dir/?api=1&origin=Little+Red+Hen+Seattle&destination=Kedai+Makan+Seattle&travelmode=driving,"food-focused, late-eats"
Capitol Hill,Ramen Danbo,Restaurant,11:00 PM,,,,Click link,https://www.google.com/maps/dir/?api=1&origin=Little+Red+Hen+Seattle&destination=Ramen+Danbo+Seattle&travelmode=driving,"food-focused, late-eats"
Capitol Hill,Tacos Chukis,Restaurant,11:00 PM,,,,Click link,https://www.google.com/maps/dir/?api=1&origin=Little+Red+Hen+Seattle&destination=Tacos+Chukis+Seattle&travelmode=driving,"food-focused, late-eats"
Capitol Hill,Spice Waala,Restaurant,11:00 PM,,,,Click link,https://www.google.com/maps/dir/?api=1&origin=Little+Red+Hen+Seattle&destination=Spice+Waala+Seattle&travelmode=driving,"food-focused, late-eats"
Capitol Hill,Katsu Burger,Restaurant,11:00 PM,,,,Click link,https://www.google.com/maps/dir/?api=1&origin=Little+Red+Hen+Seattle&destination=Katsu+Burger+Seattle&travelmode=driving,"food-focused, late-eats"
Capitol Hill,Nana's Green Tea,Dessert,10:00 PM,,,,Click link,https://www.google.com/maps/dir/?api=1&origin=Little+Red+Hen+Seattle&destination=Nana's+Green+Tea+Seattle&travelmode=driving,"chill, sweet"
Capitol Hill,Montana,Bar,2:00 AM,,,,Click link,https://www.google.com/maps/dir/?api=1&origin=Little+Red+Hen+Seattle&destination=Montana+Seattle&travelmode=driving,"drinks, social"
Capitol Hill,Bait Shop Annex,Bar,2:00 AM,,,,Click link,https://www.google.com/maps/dir/?api=1&origin=Little+Red+Hen+Seattle&destination=Bait+Shop+Annex+Seattle&travelmode=driving,"drinks, social"
Capitol Hill,Caffe Vita (late hours),Cafe / Bar,10:00 PM,,,,Click link,https://www.google.com/maps/dir/?api=1&origin=Little+Red+Hen+Seattle&destination=Caffe+Vita+(late+hours)+Seattle&travelmode=driving,"drinks, social"
Capitol Hill,Corvus & Co.,Bar,2:00 AM,,,,Click link,https://www.google.com/maps/dir/?api=1&origin=Little+Red+Hen+Seattle&destination=Corvus+&+Co.+Seattle&travelmode=driving,"drinks, social"
Capitol Hill,Nate's Wings & Waffles,Restaurant,11:00 PM,,,,Click link,https://www.google.com/maps/dir/?api=1&origin=Little+Red+Hen+Seattle&destination=Nate's+Wings+&+Waffles+Seattle&travelmode=driving,"food-focused, late-eats"
Capitol Hill,Yalla,Restaurant,11:00 PM,,,,Click link,https://www.google.com/maps/dir/?api=1&origin=Little+Red+Hen+Seattle&destination=Yalla+Seattle&travelmode=driving,"food-focused, late-eats"
Capitol Hill,Homer (Bar),Restaurant / Bar,11:00 PM,,,,Click link,https://www.google.com/maps/dir/?api=1&origin=Little+Red+Hen+Seattle&destination=Homer+(Bar)+Seattle&travelmode=driving,"drinks, food-focused, late-eats, social"
Capitol Hill,Zig Zag (Capitol Hill nights),Bar,12:00 AM,,,,Click link,https://www.google.com/maps/dir/?api=1&origin=Little+Red+Hen+Seattle&destination=Zig+Zag+(Capitol+Hill+nights)+Seattle&travelmode=driving,"drinks, social"
Capitol Hill,Bar Miriam,Bar,1:00 AM,,,,Click link,https://www.google.com/maps/dir/?api=1&origin=Little+Red+Hen+Seattle&destination=Bar+Miriam+Seattle&travelmode=driving,"drinks, social"
Capitol Hill,Stillwater,Bar,2:00 AM,,,,Click link,https://www.google.com/maps/dir/?api=1&origin=Little+Red+Hen+Seattle&destination=Stillwater+Seattle&travelmode=driving,"drinks, social"
Capitol Hill,Cuff Late Lounge,Club,2:00 AM,,,,Click link,https://www.google.com/maps/dir/?api=1&origin=Little+Red+Hen+Seattle&destination=Cuff+Late+Lounge+Seattle&travelmode=driving,"dancey, high-energy, late-night"
Capitol Hill,Union Pub,Pub,12:00 AM,,,,Click link,https://www.google.com/maps/dir/?api=1&origin=Little+Red+Hen+Seattle&destination=Union+Pub+Seattle&travelmode=driving,"drinks, social"
Capitol Hill,Press Box,Sports Bar,2:00 AM,,,,Click link,https://www.google.com/maps/dir/?api=1&origin=Little+Red+Hen+Seattle&destination=Press+Box+Seattle&travelmode=driving,"drinks, group-friendly, social, sports"
Capitol Hill,Nacho Borracho,Restaurant / Bar,12:00 AM,,,,Click link,https://www.google.com/maps/dir/?api=1&origin=Little+Red+Hen+Seattle&destination=Nacho+Borracho+Seattle&travelmode=driving,"drinks, food-focused, late-eats, social"
Capitol Hill,The Lookout,Bar,2:00 AM,,,,Click link,https://www.google.com/maps/dir/?api=1&origin=Little+Red+Hen+Seattle&destination=The+Lookout+Seattle&travelmode=driving,"drinks, social"
Capitol Hill,Witness (Bar),Restaurant / Bar,11:00 PM,,,,Click link,https://www.google.com/maps/dir/?api=1&origin=Little+Red+Hen+Seattle&destination=Witness+(Bar)+Seattle&travelmode=driving,"drinks, food-focused, late-eats, social"
Capitol Hill,Cannonball Lounge,Bar,2:00 AM,,,,Click link,https://www.google.com/maps/dir/?api=1&origin=Little+Red+Hen+Seattle&destination=Cannonball+Lounge+Seattle&travelmode=driving,"drinks, social"
Capitol Hill,Supernova (Cap Hill nights),Club,2:00 AM,,,,Click link,https://www.google.com/maps/dir/?api=1&origin=Little+Red+Hen+Seattle&destination=Supernova+(Cap+Hill+nights)+Seattle&travelmode=driving,"dancey, high-energy, late-night"
Ballard,Conor Byrne Pub,Pub,2:00 AM,,,,Click link,https://www.google.com/maps/dir/?api=1&origin=Little+Red+Hen+Seattle&destination=Conor+Byrne+Pub+Seattle&travelmode=driving,"drinks, social"
Ballard,The Tractor Tavern,Music Venue / Bar,2:00 AM,,,,Click link,https://www.google.com/maps/dir/?api=1&origin=Little+Red+Hen+Seattle&destination=The+Tractor+Tavern+Seattle&travelmode=driving,"drinks, live-music, loud, social"
Ballard,The Sunset Tavern,Music Venue / Bar,2:00 AM,,,,Click link,https://www.google.com/maps/dir/?api=1&origin=Little+Red+Hen+Seattle&destination=The+Sunset+Tavern+Seattle&travelmode=driving,"drinks, live-music, loud, social"
Ballard,Hattie's Hat,Bar,2:00 AM,,,,Click link,https://www.google.com/maps/dir/?api=1&origin=Little+Red+Hen+Seattle&destination=Hattie's+Hat+Seattle&travelmode=driving,"drinks, social"
Ballard,Sloop Tavern,Dive Bar,2:00 AM,,,,Click link,https://www.google.com/maps/dir/?api=1&origin=Little+Red+Hen+Seattle&destination=Sloop+Tavern+Seattle&travelmode=driving,"drinks, social"
Ballard,The Old Peculiar,Pub,2:00 AM,,,,Click link,https://www.google.com/maps/dir/?api=1&origin=Little+Red+Hen+Seattle&destination=The+Old+Peculiar+Seattle&travelmode=driving,"drinks, social"
Ballard,Shingletown Saloon,Bar,2:00 AM,,,,Click link,https://www.google.com/maps/dir/?api=1&origin=Little+Red+Hen+Seattle&destination=Shingletown+Saloon+Seattle&travelmode=driving,"drinks, social"
Ballard,Kings Hardware,Bar,2:00 AM,,,,Click link,https://www.google.com/maps/dir/?api=1&origin=Little+Red+Hen+Seattle&destination=Kings+Hardware+Seattle&travelmode=driving,"drinks, social"
Ballard,Percy's & Co.,Bar,2:00 AM,,,,Click link,https://www.google.com/maps/dir/?api=1&origin=Little+Red+Hen+Seattle&destination=Percy's+&+Co.+Seattle&travelmode=driving,"drinks, social"
Ballard,The Walrus and the Carpenter (Bar),Bar,11:00 PM,,,,Click link,https://www.google.com/maps/dir/?api=1&origin=Little+Red+Hen+Seattle&destination=The+Walrus+and+the+Carpenter+(Bar)+Seattle&travelmode=driving,"drinks, social"
Ballard,Lock & Keel,Bar,1:00–2:00 AM,,,,Click link,https://www.google.com/maps/dir/?api=1&origin=Little+Red+Hen+Seattle&destination=Lock+&+Keel+Seattle&travelmode=driving,"drinks, social"
Ballard,Kangaroo & Kiwi,Bar,2:00 AM,,,,Click link,https://www.google.com/maps/dir/?api=1&origin=Little+Red+Hen+Seattle&destination=Kangaroo+&+Kiwi+Seattle&travelmode=driving,"drinks, social"
Ballard,The Brick,Dive Bar,2:00 AM,,,,Click link,https://www.google.com/maps/dir/?api=1&origin=Little+Red+Hen+Seattle&destination=The+Brick+Seattle&travelmode=driving,"drinks, social"
Ballard,Hattie's Hat,Bar,2:00 AM,,,,Click link,https://www.google.com/maps/dir/?api=1&origin=Little+Red+Hen+Seattle&destination=Hattie's+Hat+Seattle&travelmode=driving,"drinks, social"
Ballard,Smoke Shop BBQ (Bar),Restaurant / Bar,11:00 PM,,,,Click link,https://www.google.com/maps/dir/?api=1&origin=Little+Red+Hen+Seattle&destination=Smoke+Shop+BBQ+(Bar)+Seattle&travelmode=driving,"drinks, food-focused, late-eats, social"
Ballard,The Lockspot Cafe (Late),Restaurant,10:00 PM,,,,Click link,https://www.google.com/maps/dir/?api=1&origin=Little+Red+Hen+Seattle&destination=The+Lockspot+Cafe+(Late)+Seattle&travelmode=driving,"food-focused, late-eats"
Ballard,Bad Albert's Tap & Grill,Sports Bar,2:00 AM,,,,Click link,https://www.google.com/maps/dir/?api=1&origin=Little+Red+Hen+Seattle&destination=Bad+Albert's+Tap+&+Grill+Seattle&travelmode=driving,"drinks, group-friendly, social, sports"
Ballard,Scofflaw,Cocktail Bar,2:00 AM,,,,Click link,https://www.google.com/maps/dir/?api=1&origin=Little+Red+Hen+Seattle&destination=Scofflaw+Seattle&travelmode=driving,"date-friendly, drinks, social, upscale"
Ballard,Barnacle,Bar,12:00 AM,,,,Click link,https://www.google.com/maps/dir/?api=1&origin=Little+Red+Hen+Seattle&destination=Barnacle+Seattle&travelmode=driving,"drinks, social"
Ballard,Ray's Cafe (Bar),Restaurant / Bar,10:00 PM,,,,Click link,https://www.google.com/maps/dir/?api=1&origin=Little+Red+Hen+Seattle&destination=Ray's+Cafe+(Bar)+Seattle&travelmode=driving,"drinks, food-focused, late-eats, social"
Ballard,Bitterroot BBQ (Bar),Restaurant / Bar,11:00 PM,,,,Click link,https://www.google.com/maps/dir/?api=1&origin=Little+Red+Hen+Seattle&destination=Bitterroot+BBQ+(Bar)+Seattle&travelmode=driving,"drinks, food-focused, late-eats, social"
Ballard,Stampede Cocktail Club,Cocktail Bar,2:00 AM,,,,Click link,https://www.google.com/maps/dir/?api=1&origin=Little+Red+Hen+Seattle&destination=Stampede+Cocktail+Club+Seattle&travelmode=driving,"date-friendly, drinks, social, upscale"
Ballard,Asadero Prime (Bar),Restaurant / Bar,11:00 PM,,,,Click link,https://www.google.com/maps/dir/?api=1&origin=Little+Red+Hen+Seattle&destination=Asadero+Prime+(Bar)+Seattle&travelmode=driving,"drinks, food-focused, late-eats, social"
Ballard,Ballard Smoke Shop (Bar),Restaurant / Bar,11:00 PM,,,,Click link,https://www.google.com/maps/dir/?api=1&origin=Little+Red+Hen+Seattle&destination=Ballard+Smoke+Shop+(Bar)+Seattle&travelmode=driving,"drinks, food-focused, late-eats, social"
Ballard,Kona Kitchen (Late),Restaurant,10:00 PM,,,,Click link,https://www.google.com/maps/dir/?api=1&origin=Little+Red+Hen+Seattle&destination=Kona+Kitchen+(Late)+Seattle&travelmode=driving,"food-focused, late-eats"
Ballard,Rough & Tumble Pub,Sports Bar,11:00 PM,,,,Click link,https://www.google.com/maps/dir/?api=1&origin=Little+Red+Hen+Seattle&destination=Rough+&+Tumble+Pub+Seattle&travelmode=driving,"drinks, group-friendly, social, sports"
Ballard,Tin Hat,Bar,2:00 AM,,,,Click link,https://www.google.com/maps/dir/?api=1&origin=Little+Red+Hen+Seattle&destination=Tin+Hat+Seattle&travelmode=driving,"drinks, social"
Fremont,Add-A-Ball,Bar / Arcade,2:00 AM,,,,Click link,https://www.google.com/maps/dir/?api=1&origin=Little+Red+Hen+Seattle&destination=Add-A-Ball+Seattle&travelmode=driving,"drinks, games, playful, social"
Fremont,Nectar Lounge,Music Venue / Bar,Late,,,,Click link,https://www.google.com/maps/dir/?api=1&origin=Little+Red+Hen+Seattle&destination=Nectar+Lounge+Seattle&travelmode=driving,"drinks, live-music, loud, social"
Fremont,George & Dragon Pub,Pub,2:00 AM,,,,Click link,https://www.google.com/maps/dir/?api=1&origin=Little+Red+Hen+Seattle&destination=George+&+Dragon+Pub+Seattle&travelmode=driving,"drinks, social"
Fremont,Ltd Bar & Grill,Bar,2:00 AM,,,,Click link,https://www.google.com/maps/dir/?api=1&origin=Little+Red+Hen+Seattle&destination=Ltd+Bar+&+Grill+Seattle&travelmode=driving,"drinks, social"
Fremont,The Masonry,Bar / Restaurant,12:00 AM,,,,Click link,https://www.google.com/maps/dir/?api=1&origin=Little+Red+Hen+Seattle&destination=The+Masonry+Seattle&travelmode=driving,"drinks, food-focused, late-eats, social"
Fremont,Fremont Dock Sports Bar,Sports Bar,2:00 AM,,,,Click link,https://www.google.com/maps/dir/?api=1&origin=Little+Red+Hen+Seattle&destination=Fremont+Dock+Sports+Bar+Seattle&travelmode=driving,"drinks, group-friendly, social, sports"
Fremont,Owl & Thistle (Fremont offshoot),Bar,11:00 PM,,,,Click link,https://www.google.com/maps/dir/?api=1&origin=Little+Red+Hen+Seattle&destination=Owl+&+Thistle+(Fremont+offshoot)+Seattle&travelmode=driving,"drinks, social"
Fremont,High Dive,Music Venue / Bar,2:00 AM,,,,Click link,https://www.google.com/maps/dir/?api=1&origin=Little+Red+Hen+Seattle&destination=High+Dive+Seattle&travelmode=driving,"casual, divey, drinks, live-music, loud, social"
Fremont,Dreamland,Bar,12:00 AM,,,,Click link,https://www.google.com/maps/dir/?api=1&origin=Little+Red+Hen+Seattle&destination=Dreamland+Seattle&travelmode=driving,"drinks, social"
Fremont,Triangle Spirits,Distillery / Bar,11:00 PM,,,,Click link,https://www.google.com/maps/dir/?api=1&origin=Little+Red+Hen+Seattle&destination=Triangle+Spirits+Seattle&travelmode=driving,"drinks, social"
Fremont,Schilling Cider House (Late),Cider Bar,11:00 PM,,,,Click link,https://www.google.com/maps/dir/?api=1&origin=Little+Red+Hen+Seattle&destination=Schilling+Cider+House+(Late)+Seattle&travelmode=driving,"drinks, social"
Fremont,Stampede Fremont,Bar,2:00 AM,,,,Click link,https://www.google.com/maps/dir/?api=1&origin=Little+Red+Hen+Seattle&destination=Stampede+Fremont+Seattle&travelmode=driving,"drinks, social"
Fremont,El Camino (Bar),Restaurant / Bar,11:00 PM,,,,Click link,https://www.google.com/maps/dir/?api=1&origin=Little+Red+Hen+Seattle&destination=El+Camino+(Bar)+Seattle&travelmode=driving,"drinks, food-focused, late-eats, social"
Fremont,Norm's Eatery & Ale House,Restaurant / Bar,12:00 AM,,,,Click link,https://www.google.com/maps/dir/?api=1&origin=Little+Red+Hen+Seattle&destination=Norm's+Eatery+&+Ale+House+Seattle&travelmode=driving,"drinks, food-focused, late-eats, social"
Fremont,Pacific Inn Pub,Pub,2:00 AM,,,,Click link,https://www.google.com/maps/dir/?api=1&origin=Little+Red+Hen+Seattle&destination=Pacific+Inn+Pub+Seattle&travelmode=driving,"drinks, social"
Fremont,Leny's Place,Dive Bar,2:00 AM,,,,Click link,https://www.google.com/maps/dir/?api=1&origin=Little+Red+Hen+Seattle&destination=Leny's+Place+Seattle&travelmode=driving,"drinks, social"
Fremont,Stone Way Cafe (Late),Cafe,10:00 PM,,,,Click link,https://www.google.com/maps/dir/?api=1&origin=Little+Red+Hen+Seattle&destination=Stone+Way+Cafe+(Late)+Seattle&travelmode=driving,general
Fremont,Brouwer's Cafe (Late),Beer Bar,11:00 PM,,,,Click link,https://www.google.com/maps/dir/?api=1&origin=Little+Red+Hen+Seattle&destination=Brouwer's+Cafe+(Late)+Seattle&travelmode=driving,"drinks, social"
Fremont,The Barrel Thief,Bar,12:00 AM,,,,Click link,https://www.google.com/maps/dir/?api=1&origin=Little+Red+Hen+Seattle&destination=The+Barrel+Thief+Seattle&travelmode=driving,"drinks, social"
Fremont,Moon Temple,Bar,12:00 AM,,,,Click link,https://www.google.com/maps/dir/?api=1&origin=Little+Red+Hen+Seattle&destination=Moon+Temple+Seattle&travelmode=driving,"drinks, social"
Downtown_Belltown,The 5 Point Cafe,Diner / Bar,24h,,,,Click link,https://www.google.com/maps/dir/?api=1&origin=Little+Red+Hen+Seattle&destination=The+5+Point+Cafe+Seattle&travelmode=driving,"drinks, food-focused, late-eats, social"
Downtown_Belltown,Kremwerk,Nightclub,2:00 AM,,,,Click link,https://www.google.com/maps/dir/?api=1&origin=Little+Red+Hen+Seattle&destination=Kremwerk+Seattle&travelmode=driving,"dancey, high-energy, late-night"
Downtown_Belltown,The Crocodile (Bar),Music Venue / Bar,Late,,,,Click link,https://www.google.com/maps/dir/?api=1&origin=Little+Red+Hen+Seattle&destination=The+Crocodile+(Bar)+Seattle&travelmode=driving,"drinks, live-music, loud, social"
Downtown_Belltown,Shorty's,Bar / Arcade,2:00 AM,,,,Click link,https://www.google.com/maps/dir/?api=1&origin=Little+Red+Hen+Seattle&destination=Shorty's+Seattle&travelmode=driving,"drinks, games, playful, social"
Downtown_Belltown,Jupiter Bar,Bar / Arcade,2:00 AM,,,,Click link,https://www.google.com/maps/dir/?api=1&origin=Little+Red+Hen+Seattle&destination=Jupiter+Bar+Seattle&travelmode=driving,"drinks, games, playful, social"
Downtown_Belltown,Bathtub Gin & Co.,Cocktail Bar,2:00 AM,,,,Click link,https://www.google.com/maps/dir/?api=1&origin=Little+Red+Hen+Seattle&destination=Bathtub+Gin+&+Co.+Seattle&travelmode=driving,"date-friendly, drinks, social, upscale"
Downtown_Belltown,Buckley's in Belltown,Sports Bar,2:00 AM,,,,Click link,https://www.google.com/maps/dir/?api=1&origin=Little+Red+Hen+Seattle&destination=Buckley's+in+Belltown+Seattle&travelmode=driving,"drinks, group-friendly, social, sports"
Downtown_Belltown,Rendezvous,Bar / Venue,2:00 AM,,,,Click link,https://www.google.com/maps/dir/?api=1&origin=Little+Red+Hen+Seattle&destination=Rendezvous+Seattle&travelmode=driving,"drinks, live-music, loud, social"
Downtown_Belltown,Radiator Whiskey,Bar,12:00 AM,,,,Click link,https://www.google.com/maps/dir/?api=1&origin=Little+Red+Hen+Seattle&destination=Radiator+Whiskey+Seattle&travelmode=driving,"drinks, social"
Downtown_Belltown,Navy Strength,Bar,1:00–2:00 AM,,,,Click link,https://www.google.com/maps/dir/?api=1&origin=Little+Red+Hen+Seattle&destination=Navy+Strength+Seattle&travelmode=driving,"drinks, social"
Downtown_Belltown,Cyclops,Dive Bar,2:00 AM,,,,Click link,https://www.google.com/maps/dir/?api=1&origin=Little+Red+Hen+Seattle&destination=Cyclops+Seattle&travelmode=driving,"drinks, social"
Downtown_Belltown,Streamline Tavern,Bar,2:00 AM,,,,Click link,https://www.google.com/maps/dir/?api=1&origin=Little+Red+Hen+Seattle&destination=Streamline+Tavern+Seattle&travelmode=driving,"drinks, social"
Downtown_Belltown,The Nest,Rooftop Bar,11:00 PM,,,,Click link,https://www.google.com/maps/dir/?api=1&origin=Little+Red+Hen+Seattle&destination=The+Nest+Seattle&travelmode=driving,"date-friendly, drinks, social, views"
Downtown_Belltown,Jazz Alley,Jazz Club / Restaurant,Late,,,,Click link,https://www.google.com/maps/dir/?api=1&origin=Little+Red+Hen+Seattle&destination=Jazz+Alley+Seattle&travelmode=driving,"dancey, food-focused, high-energy, late-eats, late-night"
Downtown_Belltown,Showbox Lounge,Music Venue / Bar,Late,,,,Click link,https://www.google.com/maps/dir/?api=1&origin=Little+Red+Hen+Seattle&destination=Showbox+Lounge+Seattle&travelmode=driving,"drinks, live-music, loud, social"
Downtown_Belltown,Ora Nightclub,Nightclub,2:00 AM,,,,Click link,https://www.google.com/maps/dir/?api=1&origin=Little+Red+Hen+Seattle&destination=Ora+Nightclub+Seattle&travelmode=driving,"dancey, high-energy, late-night"
Downtown_Belltown,Trinity Nightclub,Nightclub,2:00 AM,,,,Click link,https://www.google.com/maps/dir/?api=1&origin=Little+Red+Hen+Seattle&destination=Trinity+Nightclub+Seattle&travelmode=driving,"dancey, high-energy, late-night"
Downtown_Belltown,The Whiskey Bar,Bar,2:00 AM,,,,Click link,https://www.google.com/maps/dir/?api=1&origin=Little+Red+Hen+Seattle&destination=The+Whiskey+Bar+Seattle&travelmode=driving,"drinks, social"
Downtown_Belltown,Zig Zag Cafe,Cocktail Bar,12:00 AM,,,,Click link,https://www.google.com/maps/dir/?api=1&origin=Little+Red+Hen+Seattle&destination=Zig+Zag+Cafe+Seattle&travelmode=driving,"date-friendly, drinks, social, upscale"
Downtown_Belltown,JarrBar,Wine Bar,12:00 AM,,,,Click link,https://www.google.com/maps/dir/?api=1&origin=Little+Red+Hen+Seattle&destination=JarrBar+Seattle&travelmode=driving,"drinks, social"
Downtown_Belltown,Foreign National,Cocktail Bar,1:00–2:00 AM,,,,Click link,https://www.google.com/maps/dir/?api=1&origin=Little+Red+Hen+Seattle&destination=Foreign+National+Seattle&travelmode=driving,"date-friendly, drinks, social, upscale"
Downtown_Belltown,Vons 1000 Spirits,Bar / Restaurant,12:00 AM,,,,Click link,https://www.google.com/maps/dir/?api=1&origin=Little+Red+Hen+Seattle&destination=Vons+1000+Spirits+Seattle&travelmode=driving,"drinks, food-focused, late-eats, social"
Downtown_Belltown,Maximilien (Bar),Restaurant / Bar,10:00 PM,,,,Click link,https://www.google.com/maps/dir/?api=1&origin=Little+Red+Hen+Seattle&destination=Maximilien+(Bar)+Seattle&travelmode=driving,"drinks, food-focused, late-eats, social"
Downtown_Belltown,The Lodge Sports Grille,Sports Bar,2:00 AM,,,,Click link,https://www.google.com/maps/dir/?api=1&origin=Little+Red+Hen+Seattle&destination=The+Lodge+Sports+Grille+Seattle&travelmode=driving,"drinks, group-friendly, social, sports"
Downtown_Belltown,The Rabbit Hole,Bar,2:00 AM,,,,Click link,https://www.google.com/maps/dir/?api=1&origin=Little+Red+Hen+Seattle&destination=The+Rabbit+Hole+Seattle&travelmode=driving,"drinks, social"
Downtown_Belltown,Pyramid Alehouse,Brewpub,11:00 PM,,,,Click link,https://www.google.com/maps/dir/?api=1&origin=Little+Red+Hen+Seattle&destination=Pyramid+Alehouse+Seattle&travelmode=driving,"drinks, social"
Downtown_Belltown,Diller Room,Cocktail Bar,1:00–2:00 AM,,,,Click link,https://www.google.com/maps/dir/?api=1&origin=Little+Red+Hen+Seattle&destination=Diller+Room+Seattle&travelmode=driving,"date-friendly, drinks, social, upscale"
Downtown_Belltown,Timbre Room,Cocktail Bar,1:00–2:00 AM,,,,Click link,https://www.google.com/maps/dir/?api=1&origin=Little+Red+Hen+Seattle&destination=Timbre+Room+Seattle&travelmode=driving,"date-friendly, drinks, social, upscale"
Downtown_Belltown,Rob Roy,Cocktail Bar,1:00–2:00 AM,,,,Click link,https://www.google.com/maps/dir/?api=1&origin=Little+Red+Hen+Seattle&destination=Rob+Roy+Seattle&travelmode=driving,"date-friendly, drinks, social, upscale"
Downtown_Belltown,Rocco's Pizza,Restaurant,12:00 AM,,,,Click link,https://www.google.com/maps/dir/?api=1&origin=Little+Red+Hen+Seattle&destination=Rocco's+Pizza+Seattle&travelmode=driving,"food-focused, late-eats"
Downtown_Belltown,Serious Pie (Late),Restaurant,11:00 PM,,,,Click link,https://www.google.com/maps/dir/?api=1&origin=Little+Red+Hen+Seattle&destination=Serious+Pie+(Late)+Seattle&travelmode=driving,"food-focused, late-eats"
Downtown_Belltown,The Alley (Downtown),Bar,2:00 AM,,,,Click link,https://www.google.com/maps/dir/?api=1&origin=Little+Red+Hen+Seattle&destination=The+Alley+(Downtown)+Seattle&travelmode=driving,"drinks, social"
Downtown_Belltown,Hooverville,Dive Bar,2:00 AM,,,,Click link,https://www.google.com/maps/dir/?api=1&origin=Little+Red+Hen+Seattle&destination=Hooverville+Seattle&travelmode=driving,"drinks, social"
Downtown_Belltown,Pioneer Square Saloon,Bar,2:00 AM,,,,Click link,https://www.google.com/maps/dir/?api=1&origin=Little+Red+Hen+Seattle&destination=Pioneer+Square+Saloon+Seattle&travelmode=driving,"drinks, social"
Downtown_Belltown,McCoy's Firehouse,Bar,2:00 AM,,,,Click link,https://www.google.com/maps/dir/?api=1&origin=Little+Red+Hen+Seattle&destination=McCoy's+Firehouse+Seattle&travelmode=driving,"drinks, social"
Downtown_Belltown,Elysian Fields,Bar,11:00 PM,,,,Click link,https://www.google.com/maps/dir/?api=1&origin=Little+Red+Hen+Seattle&destination=Elysian+Fields+Seattle&travelmode=driving,"drinks, social"
Downtown_Belltown,Owl N' Thistle (Pioneer Sq),Pub,2:00 AM,,,,Click link,https://www.google.com/maps/dir/?api=1&origin=Little+Red+Hen+Seattle&destination=Owl+N'+Thistle+(Pioneer+Sq)+Seattle&travelmode=driving,"drinks, social"
Downtown_Belltown,Von's Cafe (Late),Cafe / Bar,11:00 PM,,,,Click link,https://www.google.com/maps/dir/?api=1&origin=Little+Red+Hen+Seattle&destination=Von's+Cafe+(Late)+Seattle&travelmode=driving,"drinks, social"
Downtown_Belltown,Zog's,Bar,2:00 AM,,,,Click link,https://www.google.com/maps/dir/?api=1&origin=Little+Red+Hen+Seattle&destination=Zog's+Seattle&travelmode=driving,"drinks, social"
Downtown_Belltown,Sluggers,Bar,2:00 AM,,,,Click link,https://www.google.com/maps/dir/?api=1&origin=Little+Red+Hen+Seattle&destination=Sluggers+Seattle&travelmode=driving,"drinks, social"
Downtown_Belltown,Fado Irish Pub,Pub,12:00 AM,,,,Click link,https://www.google.com/maps/dir/?api=1&origin=Little+Red+Hen+Seattle&destination=Fado+Irish+Pub+Seattle&travelmode=driving,"drinks, social"
Downtown_Belltown,Metropolitan Grill (Bar),Restaurant / Bar,11:00 PM,,,,Click link,https://www.google.com/maps/dir/?api=1&origin=Little+Red+Hen+Seattle&destination=Metropolitan+Grill+(Bar)+Seattle&travelmode=driving,"drinks, food-focused, late-eats, social"
Downtown_Belltown,Shawn O'Donnell's,Pub,12:00 AM,,,,Click link,https://www.google.com/maps/dir/?api=1&origin=Little+Red+Hen+Seattle&destination=Shawn+O'Donnell's+Seattle&travelmode=driving,"drinks, social"
Downtown_Belltown,Ozzie's (Downtown),Sports Bar,2:00 AM,,,,Click link,https://www.google.com/maps/dir/?api=1&origin=Little+Red+Hen+Seattle&destination=Ozzie's+(Downtown)+Seattle&travelmode=driving,"drinks, group-friendly, social, sports"
Downtown_Belltown,Bar Solea,Bar,12:00 AM,,,,Click link,https://www.google.com/maps/dir/?api=1&origin=Little+Red+Hen+Seattle&destination=Bar+Solea+Seattle&travelmode=driving,"drinks, social"
Downtown_Belltown,MBar,Rooftop Bar,12:00 AM,,,,Click link,https://www.google.com/maps/dir/?api=1&origin=Little+Red+Hen+Seattle&destination=MBar+Seattle&travelmode=driving,"date-friendly, drinks, social, views"
Downtown_Belltown,Art Marble 21,Bar,2:00 AM,,,,Click link,https://www.google.com/maps/dir/?api=1&origin=Little+Red+Hen+Seattle&destination=Art+Marble+21+Seattle&travelmode=driving,"drinks, social"
Downtown_Belltown,Central Saloon (Upstairs),Bar / Music,2:00 AM,,,,Click link,https://www.google.com/maps/dir/?api=1&origin=Little+Red+Hen+Seattle&destination=Central+Saloon+(Upstairs)+Seattle&travelmode=driving,"drinks, live-music, loud, social"
Downtown_Belltown,Darrell's Tavern,Dive Bar,2:00 AM,,,,Click link,https://www.google.com/maps/dir/?api=1&origin=Little+Red+Hen+Seattle&destination=Darrell's+Tavern+Seattle&travelmode=driving,"drinks, social"
Downtown_Belltown,Von's 1000 Spirits (Back Bar),Bar,12:00 AM,,,,Click link,https://www.google.com/maps/dir/?api=1&origin=Little+Red+Hen+Seattle&destination=Von's+1000+Spirits+(Back+Bar)+Seattle&travelmode=driving,"drinks, social"
Downtown_Belltown,The Lodge (2nd location),Sports Bar,2:00 AM,,,,Click link,https://www.google.com/maps/dir/?api=1&origin=Little+Red+Hen+Seattle&destination=The+Lodge+(2nd+location)+Seattle&travelmode=driving,"drinks, group-friendly, social, sports"
Queen Anne,Mecca Cafe,Diner / Bar,3:00 AM,,,,Click link,https://www.google.com/maps/dir/?api=1&origin=Little+Red+Hen+Seattle&destination=Mecca+Cafe+Seattle&travelmode=driving,"drinks, food-focused, late-eats, social"
Queen Anne,Streamline Tavern,Bar,2:00 AM,,,,Click link,https://www.google.com/maps/dir/?api=1&origin=Little+Red+Hen+Seattle&destination=Streamline+Tavern+Seattle&travelmode=driving,"drinks, social"
Queen Anne,Buckley's in Queen Anne,Sports Bar,2:00 AM,,,,Click link,https://www.google.com/maps/dir/?api=1&origin=Little+Red+Hen+Seattle&destination=Buckley's+in+Queen+Anne+Seattle&travelmode=driving,"drinks, group-friendly, social, sports"
Queen Anne,Ozzie's,Sports Bar,2:00 AM,,,,Click link,https://www.google.com/maps/dir/?api=1&origin=Little+Red+Hen+Seattle&destination=Ozzie's+Seattle&travelmode=driving,"drinks, group-friendly, social, sports"
Queen Anne,Queen Anne Beerhall,Beer Hall,11:00 PM,,,,Click link,https://www.google.com/maps/dir/?api=1&origin=Little+Red+Hen+Seattle&destination=Queen+Anne+Beerhall+Seattle&travelmode=driving,general
Queen Anne,Uptown Hophouse,Bar,1:00–2:00 AM,,,,Click link,https://www.google.com/maps/dir/?api=1&origin=Little+Red+Hen+Seattle&destination=Uptown+Hophouse+Seattle&travelmode=driving,"drinks, social"
Queen Anne,The Sitting Room,Bar,2:00 AM,,,,Click link,https://www.google.com/maps/dir/?api=1&origin=Little+Red+Hen+Seattle&destination=The+Sitting+Room+Seattle&travelmode=driving,"drinks, social"
Queen Anne,Targy's Tavern,Bar,2:00 AM,,,,Click link,https://www.google.com/maps/dir/?api=1&origin=Little+Red+Hen+Seattle&destination=Targy's+Tavern+Seattle&travelmode=driving,"drinks, social"
Chinatown_ID,Purple Dot Cafe,Restaurant,3:00 AM,,,,Click link,https://www.google.com/maps/dir/?api=1&origin=Little+Red+Hen+Seattle&destination=Purple+Dot+Cafe+Seattle&travelmode=driving,"food-focused, late-eats"
Chinatown_ID,Owl N' Thistle,Pub,2:00 AM,,,,Click link,https://www.google.com/maps/dir/?api=1&origin=Little+Red+Hen+Seattle&destination=Owl+N'+Thistle+Seattle&travelmode=driving,"drinks, social"
Chinatown_ID,The Central Saloon,Bar / Music,2:00 AM,,,,Click link,https://www.google.com/maps/dir/?api=1&origin=Little+Red+Hen+Seattle&destination=The+Central+Saloon+Seattle&travelmode=driving,"drinks, live-music, loud, social"
Chinatown_ID,Jade Garden,Restaurant,10:00 PM,,,,Click link,https://www.google.com/maps/dir/?api=1&origin=Little+Red+Hen+Seattle&destination=Jade+Garden+Seattle&travelmode=driving,"food-focused, late-eats"
Chinatown_ID,Tai Tung,Restaurant,10:00 PM,,,,Click link,https://www.google.com/maps/dir/?api=1&origin=Little+Red+Hen+Seattle&destination=Tai+Tung+Seattle&travelmode=driving,"food-focused, late-eats"
Chinatown_ID,Kells Irish Pub,Pub,12:00 AM,,,,Click link,https://www.google.com/maps/dir/?api=1&origin=Little+Red+Hen+Seattle&destination=Kells+Irish+Pub+Seattle&travelmode=driving,"drinks, social"
Chinatown_ID,Alibi Room,Pizza / Bar,12:00 AM,,,,Click link,https://www.google.com/maps/dir/?api=1&origin=Little+Red+Hen+Seattle&destination=Alibi+Room+Seattle&travelmode=driving,"drinks, social"
Eastside,13 Coins (Bellevue),Restaurant / Lounge,Late / 24h,,,,Click link,https://www.google.com/maps/dir/?api=1&origin=Little+Red+Hen+Seattle&destination=13+Coins+(Bellevue)+Seattle&travelmode=driving,"chill, date-friendly, food-focused, late-eats"
Eastside,Rock Bottom Bellevue,Brewpub,11:00 PM,,,,Click link,https://www.google.com/maps/dir/?api=1&origin=Little+Red+Hen+Seattle&destination=Rock+Bottom+Bellevue+Seattle&travelmode=driving,"drinks, social"
Eastside,Lucky 7 Bar & Grill (Kirkland),Bar,2:00 AM,,,,Click link,https://www.google.com/maps/dir/?api=1&origin=Little+Red+Hen+Seattle&destination=Lucky+7+Bar+&+Grill+(Kirkland)+Seattle&travelmode=driving,"drinks, social"
Eastside,Forum Social House,Bar / Games,11:00 PM,,,,Click link,https://www.google.com/maps/dir/?api=1&origin=Little+Red+Hen+Seattle&destination=Forum+Social+House+Seattle&travelmode=driving,"drinks, social"
Eastside,Bottle & Bull,Bar,12:00 AM,,,,Click link,https://www.google.com/maps/dir/?api=1&origin=Little+Red+Hen+Seattle&destination=Bottle+&+Bull+Seattle&travelmode=driving,"drinks, social"
Eastside,Lucky 7 Bar & Grill (Renton),Bar,2:00 AM,,,,Click link,https://www.google.com/maps/dir/?api=1&origin=Little+Red+Hen+Seattle&destination=Lucky+7+Bar+&+Grill+(Renton)+Seattle&travelmode=driving,"drinks, social"
Eastside,The Lime Kirkland,Bar,1:00–2:00 AM,,,,Click link,https://www.google.com/maps/dir/?api=1&origin=Little+Red+Hen+Seattle&destination=The+Lime+Kirkland+Seattle&travelmode=driving,"drinks, social"
Eastside,Central Bar Kirkland,Bar,2:00 AM,,,,Click link,https://www.google.com/maps/dir/?api=1&origin=Little+Red+Hen+Seattle&destination=Central+Bar+Kirkland+Seattle&travelmode=driving,"drinks, social"
Eastside,Side Hustle Kirkland,Bar,12:00 AM,,,,Click link,https://www.google.com/maps/dir/?api=1&origin=Little+Red+Hen+Seattle&destination=Side+Hustle+Kirkland+Seattle&travelmode=driving,"drinks, social"
Eastside,The Lime Bellevue,Bar,1:00–2:00 AM,,,,Click link,https://www.google.com/maps/dir/?api=1&origin=Little+Red+Hen+Seattle&destination=The+Lime+Bellevue+Seattle&travelmode=driving,"drinks, social"
Eastside,Whiskey Mile,Bar,2:00 AM,,,,Click link,https://www.google.com/maps/dir/?api=1&origin=Little+Red+Hen+Seattle&destination=Whiskey+Mile+Seattle&travelmode=driving,"drinks, social"
Eastside,520 Bar & Grill,Sports Bar,2:00 AM,,,,Click link,https://www.google.com/maps/dir/?api=1&origin=Little+Red+Hen+Seattle&destination=520+Bar+&+Grill+Seattle&travelmode=driving,"drinks, group-friendly, social, sports"
Eastside,J Michael's Pub,Pub,2:00 AM,,,,Click link,https://www.google.com/maps/dir/?api=1&origin=Little+Red+Hen+Seattle&destination=J+Michael's+Pub+Seattle&travelmode=driving,"drinks, social"
Eastside,Kirkland Pub,Pub,2:00 AM,,,,Click link,https://www.google.com/maps/dir/?api=1&origin=Little+Red+Hen+Seattle&destination=Kirkland+Pub+Seattle&travelmode=driving,"drinks, social"
Eastside,Flatstick Pub (Kirkland),Bar / Games,12:00 AM,,,,Click link,https://www.google.com/maps/dir/?api=1&origin=Little+Red+Hen+Seattle&destination=Flatstick+Pub+(Kirkland)+Seattle&travelmode=driving,"drinks, games, playful, social"
Eastside,Postdoc Brewing (Redmond),Brewery,11:00 PM,,,,Click link,https://www.google.com/maps/dir/?api=1&origin=Little+Red+Hen+Seattle&destination=Postdoc+Brewing+(Redmond)+Seattle&travelmode=driving,general
Eastside,Matador Redmond,Restaurant / Bar,12:00 AM,,,,Click link,https://www.google.com/maps/dir/?api=1&origin=Little+Red+Hen+Seattle&destination=Matador+Redmond+Seattle&travelmode=driving,"drinks, food-focused, late-eats, social"
Eastside,Palmers East,Pub,2:00 AM,,,,Click link,https://www.google.com/maps/dir/?api=1&origin=Little+Red+Hen+Seattle&destination=Palmers+East+Seattle&travelmode=driving,"drinks, social"
Eastside,The Pumphouse,Bar,2:00 AM,,,,Click link,https://www.google.com/maps/dir/?api=1&origin=Little+Red+Hen+Seattle&destination=The+Pumphouse+Seattle&travelmode=driving,"drinks, social"
Eastside,Bushwacker,Bar,2:00 AM,,,,Click link,https://www.google.com/maps/dir/?api=1&origin=Little+Red+Hen+Seattle&destination=Bushwacker+Seattle&travelmode=driving,"drinks, social"
Eastside,Big Block Brewing (Issaquah),Brewery,11:00 PM,,,,Click link,https://www.google.com/maps/dir/?api=1&origin=Little+Red+Hen+Seattle&destination=Big+Block+Brewing+(Issaquah)+Seattle&travelmode=driving,general
Eastside,Formula Brewing (Issaquah),Brewery,11:00 PM,,,,Click link,https://www.google.com/maps/dir/?api=1&origin=Little+Red+Hen+Seattle&destination=Formula+Brewing+(Issaquah)+Seattle&travelmode=driving,general
Eastside,Eastside Beerworks,Brewery,11:00 PM,,,,Click link,https://www.google.com/maps/dir/?api=1&origin=Little+Red+Hen+Seattle&destination=Eastside+Beerworks+Seattle&travelmode=driving,general
Eastside,Tipsy Cow Redmond,Bar,2:00 AM,,,,Click link,https://www.google.com/maps/dir/?api=1&origin=Little+Red+Hen+Seattle&destination=Tipsy+Cow+Redmond+Seattle&travelmode=driving,"drinks, social"
Eastside,Palmers Redmond,Pub,2:00 AM,,,,Click link,https://www.google.com/maps/dir/?api=1&origin=Little+Red+Hen+Seattle&destination=Palmers+Redmond+Seattle&travelmode=driving,"drinks, social"
Strip Clubs,The Lusty Lady,Strip Club,2:00 AM,,,,Click link,https://www.google.com/maps/dir/?api=1&origin=Little+Red+Hen+Seattle&destination=The+Lusty+Lady+Seattle&travelmode=driving,"adult, dancey, high-energy, late-night, rowdy"
Strip Clubs,Déjà Vu Showgirls Seattle,Strip Club,2:00 AM,,,,Click link,https://www.google.com/maps/dir/?api=1&origin=Little+Red+Hen+Seattle&destination=Déjà+Vu+Showgirls+Seattle+Seattle&travelmode=driving,"adult, dancey, high-energy, late-night, rowdy"
Strip Clubs,Little Darlings,Strip Club,2:00 AM,,,,Click link,https://www.google.com/maps/dir/?api=1&origin=Little+Red+Hen+Seattle&destination=Little+Darlings+Seattle&travelmode=driving,"adult, dancey, high-energy, late-night, rowdy"
Strip Clubs,Sugars Cabaret,Strip Club,2:00 AM,,,,Click link,https://www.google.com/maps/dir/?api=1&origin=Little+Red+Hen+Seattle&destination=Sugars+Cabaret+Seattle&travelmode=driving,"adult, dancey, high-energy, late-night, rowdy"
Strip Clubs,Rick's Cabaret Seattle,Strip Club,2:00 AM,,,,Click link,https://www.google.com/maps/dir/?api=1&origin=Little+Red+Hen+Seattle&destination=Rick's+Cabaret+Seattle+Seattle&travelmode=driving,"adult, dancey, high-energy, late-night, rowdy"
Strip Clubs,Club Paradise,Strip Club,2:00 AM,,,,Click link,https://www.google.com/maps/dir/?api=1&origin=Little+Red+Hen+Seattle&destination=Club+Paradise+Seattle&travelmode=driving,"adult, dancey, high-energy, late-night, rowdy"
Strip Clubs,Deja Vu Showgirls (SeaTac),Strip Club,2:00 AM,,,,Click link,https://www.google.com/maps/dir/?api=1&origin=Little+Red+Hen+Seattle&destination=Deja+Vu+Showgirls+(SeaTac)+SeaTac&travelmode=driving,"adult, dancey, high-energy, late-night, rowdy"
Strip Clubs,Little Darlings (SoDo),Strip Club,2:00 AM,,,,Click link,https://www.google.com/maps/dir/?api=1&origin=Little+Red+Hen+Seattle&destination=Little+Darlings+(SoDo)+SoDo&travelmode=driving,"adult, dancey, high-energy, late-night, rowdy"
West Seattle,The Bridge,Bar,2:00 AM,,,,Click link,https://www.google.com/maps/dir/?api=1&origin=Little+Red+Hen+Seattle&destination=The+Bridge+Seattle&travelmode=driving,"drinks, social"
West Seattle,Easy Street Records Cafe,Cafe / Bar,11:00 PM,,,,Click link,https://www.google.com/maps/dir/?api=1&origin=Little+Red+Hen+Seattle&destination=Easy+Street+Records+Cafe+Seattle&travelmode=driving,"drinks, social"
West Seattle,Corner Pocket,Dive Bar,2:00 AM,,,,Click link,https://www.google.com/maps/dir/?api=1&origin=Little+Red+Hen+Seattle&destination=Corner+Pocket+Seattle&travelmode=driving,"drinks, social"
West Seattle,Good Society Brewery,Brewery,11:00 PM,,,,Click link,https://www.google.com/maps/dir/?api=1&origin=Little+Red+Hen+Seattle&destination=Good+Society+Brewery+Seattle&travelmode=driving,general
West Seattle,The Alley (WS),Bar,2:00 AM,,,,Click link,https://www.google.com/maps/dir/?api=1&origin=Little+Red+Hen+Seattle&destination=The+Alley+(WS)+Seattle&travelmode=driving,"drinks, social"
West Seattle,Supreme,Bar,1:00–2:00 AM,,,,Click link,https://www.google.com/maps/dir/?api=1&origin=Little+Red+Hen+Seattle&destination=Supreme+Seattle&travelmode=driving,"drinks, social"
West Seattle,Driftwood,Bar,2:00 AM,,,,Click link,https://www.google.com/maps/dir/?api=1&origin=Little+Red+Hen+Seattle&destination=Driftwood+Seattle&travelmode=driving,"drinks, social"
West Seattle,Prost!,Beer Hall,12:00 AM,,,,Click link,https://www.google.com/maps/dir/?api=1&origin=Little+Red+Hen+Seattle&destination=Prost!+Seattle&travelmode=driving,general
West Seattle,The Skylark Cafe,Music Venue / Bar,Late,,,,Click link,https://www.google.com/maps/dir/?api=1&origin=Little+Red+Hen+Seattle&destination=The+Skylark+Cafe+Seattle&travelmode=driving,"drinks, live-music, loud, social"
West Seattle,Alki Beach bars (various),Area,Late,,,,Click link,https://www.google.com/maps/dir/?api=1&origin=Little+Red+Hen+Seattle&destination=Alki+Beach+bars+(various)+Seattle&travelmode=driving,general
Georgetown,Slim's Last Chance,BBQ / Bar,12:00 AM,,,,Click link,https://www.google.com/maps/dir/?api=1&origin=Little+Red+Hen+Seattle&destination=Slim's+Last+Chance+Seattle&travelmode=driving,"drinks, social"
Georgetown,9LB Hammer,Bar,2:00 AM,,,,Click link,https://www.google.com/maps/dir/?api=1&origin=Little+Red+Hen+Seattle&destination=9LB+Hammer+Seattle&travelmode=driving,"drinks, social"
Georgetown,Fonda La Catrina (Bar),Restaurant / Bar,11:00 PM,,,,Click link,https://www.google.com/maps/dir/?api=1&origin=Little+Red+Hen+Seattle&destination=Fonda+La+Catrina+(Bar)+Seattle&travelmode=driving,"drinks, food-focused, late-eats, social"
Georgetown,Shorty's (Georgetown),Bar,2:00 AM,,,,Click link,https://www.google.com/maps/dir/?api=1&origin=Little+Red+Hen+Seattle&destination=Shorty's+(Georgetown)+Seattle&travelmode=driving,"drinks, social"
Georgetown,Georgetown Liquor Company,Bar,2:00 AM,,,,Click link,https://www.google.com/maps/dir/?api=1&origin=Little+Red+Hen+Seattle&destination=Georgetown+Liquor+Company+Seattle&travelmode=driving,"drinks, social"
Georgetown,The Mix,Dive Bar,2:00 AM,,,,Click link,https://www.google.com/maps/dir/?api=1&origin=Little+Red+Hen+Seattle&destination=The+Mix+Seattle&travelmode=driving,"drinks, social"
SoDo,Monkey Loft,Club,2:00 AM,,,,Click link,https://www.google.com/maps/dir/?api=1&origin=Little+Red+Hen+Seattle&destination=Monkey+Loft+Seattle&travelmode=driving,"dancey, high-energy, late-night"
SoDo,The Showbox SoDo,Music Venue / Bar,Late,,,,Click link,https://www.google.com/maps/dir/?api=1&origin=Little+Red+Hen+Seattle&destination=The+Showbox+SoDo+Seattle&travelmode=driving,"drinks, live-music, loud, social"
SoDo,Hooverville (SoDo),Dive Bar,2:00 AM,,,,Click link,https://www.google.com/maps/dir/?api=1&origin=Little+Red+Hen+Seattle&destination=Hooverville+(SoDo)+Seattle&travelmode=driving,"drinks, social"
SoDo,Studio Seven,Nightclub,2:00 AM,,,,Click link,https://www.google.com/maps/dir/?api=1&origin=Little+Red+Hen+Seattle&destination=Studio+Seven+Seattle&travelmode=driving,"dancey, high-energy, late-night"
Greenwood,Baranof,Dive Bar,2:00 AM,,,,Click link,https://www.google.com/maps/dir/?api=1&origin=Little+Red+Hen+Seattle&destination=Baranof+Seattle&travelmode=driving,"drinks, social"
Greenwood,The Angry Beaver,Sports Bar,2:00 AM,,,,Click link,https://www.google.com/maps/dir/?api=1&origin=Little+Red+Hen+Seattle&destination=The+Angry+Beaver+Seattle&travelmode=driving,"drinks, group-friendly, social, sports"
Greenwood,Gainsbourg,Bistro / Bar,Late,,,,Click link,https://www.google.com/maps/dir/?api=1&origin=Little+Red+Hen+Seattle&destination=Gainsbourg+Seattle&travelmode=driving,"drinks, social"
Greenwood,Yard of Ale,Dive Bar,2:00 AM,,,,Click link,https://www.google.com/maps/dir/?api=1&origin=Little+Red+Hen+Seattle&destination=Yard+of+Ale+Seattle&travelmode=driving,"drinks, social"
Greenwood,Draft Punk,Beer Bar,12:00 AM,,,,Click link,https://www.google.com/maps/dir/?api=1&origin=Little+Red+Hen+Seattle&destination=Draft+Punk+Seattle&travelmode=driving,"drinks, social"
Shoreline,Driftwood Players Lounge,Bar,1:00–2:00 AM,,,,Click link,https://www.google.com/maps/dir/?api=1&origin=Little+Red+Hen+Seattle&destination=Driftwood+Players+Lounge+Seattle&travelmode=driving,"drinks, social"
Shoreline,Echo Lake Cafe (Bar),Restaurant / Bar,10:00 PM,,,,Click link,https://www.google.com/maps/dir/?api=1&origin=Little+Red+Hen+Seattle&destination=Echo+Lake+Cafe+(Bar)+Seattle&travelmode=driving,"drinks, food-focused, late-eats, social"
Shoreline,The Rez,Bar,2:00 AM,,,,Click link,https://www.google.com/maps/dir/?api=1&origin=Little+Red+Hen+Seattle&destination=The+Rez+Seattle&travelmode=driving,"drinks, social"
Lake City,Hellbent Brewing (Taproom),Brewery,11:00 PM,,,,Click link,https://www.google.com/maps/dir/?api=1&origin=Little+Red+Hen+Seattle&destination=Hellbent+Brewing+(Taproom)+Seattle&travelmode=driving,general
Lake City,Growler Guys,Beer Bar,11:00 PM,,,,Click link,https://www.google.com/maps/dir/?api=1&origin=Little+Red+Hen+Seattle&destination=Growler+Guys+Seattle&travelmode=driving,"drinks, social"
Central District,Neighbor Lady,Wine Bar,12:00 AM,,,,Click link,https://www.google.com/maps/dir/?api=1&origin=Little+Red+Hen+Seattle&destination=Neighbor+Lady+Seattle&travelmode=driving,"drinks, social"
Central District,The Royal Room,Music Venue / Bar,Late,,,,Click link,https://www.google.com/maps/dir/?api=1&origin=Little+Red+Hen+Seattle&destination=The+Royal+Room+Seattle&travelmode=driving,"drinks, live-music, loud, social"
Central District,Catfish Corner (Late),Restaurant,10:00 PM,,,,Click link,https://www.google.com/maps/dir/?api=1&origin=Little+Red+Hen+Seattle&destination=Catfish+Corner+(Late)+Seattle&travelmode=driving,"food-focused, late-eats"
Central District,Vito's Madrona,Bar,2:00 AM,,,,Click link,https://www.google.com/maps/dir/?api=1&origin=Little+Red+Hen+Seattle&destination=Vito's+Madrona+Seattle&travelmode=driving,"drinks, social"
First Hill,The Hideout,Cocktail Bar,2:00 AM,,,,Click link,https://www.google.com/maps/dir/?api=1&origin=Little+Red+Hen+Seattle&destination=The+Hideout+Seattle&travelmode=driving,"date-friendly, drinks, social, upscale"
First Hill,The Woods,Taproom,12:00 AM,,,,Click link,https://www.google.com/maps/dir/?api=1&origin=Little+Red+Hen+Seattle&destination=The+Woods+Seattle&travelmode=driving,general
Beacon Hill,Oak,Bar,2:00 AM,,,,Click link,https://www.google.com/maps/dir/?api=1&origin=Little+Red+Hen+Seattle&destination=Oak+Seattle&travelmode=driving,"drinks, social"
Beacon Hill,Perihelion Brewery,Brewery,11:00 PM,,,,Click link,https://www.google.com/maps/dir/?api=1&origin=Little+Red+Hen+Seattle&destination=Perihelion+Brewery+Seattle&travelmode=driving,general
Beacon Hill,Bar Del Corso (Bar),Restaurant / Bar,11:00 PM,,,,Click link,https://www.google.com/maps/dir/?api=1&origin=Little+Red+Hen+Seattle&destination=Bar+Del+Corso+(Bar)+Seattle&travelmode=driving,"drinks, food-focused, late-eats, social"
Beacon Hill,Ciudad,Restaurant / Bar,11:00 PM,,,,Click link,https://www.google.com/maps/dir/?api=1&origin=Little+Red+Hen+Seattle&destination=Ciudad+Seattle&travelmode=driving,"drinks, food-focused, late-eats, social"
Rainier Valley,The Royal Esquire Club,Bar,2:00 AM,,,,Click link,https://www.google.com/maps/dir/?api=1&origin=Little+Red+Hen+Seattle&destination=The+Royal+Esquire+Club+Seattle&travelmode=driving,"drinks, social"
Rainier Valley,Hilltop Ale House,Pub,12:00 AM,,,,Click link,https://www.google.com/maps/dir/?api=1&origin=Little+Red+Hen+Seattle&destination=Hilltop+Ale+House+Seattle&travelmode=driving,"drinks, social"
Rainier Valley,The Canterbury Ale House,Pub,12:00 AM,,,,Click link,https://www.google.com/maps/dir/?api=1&origin=Little+Red+Hen+Seattle&destination=The+Canterbury+Ale+House+Seattle&travelmode=driving,"drinks, social"
Rainier Valley,The Redwood,Bar,2:00 AM,,,,Click link,https://www.google.com/maps/dir/?api=1&origin=Little+Red+Hen+Seattle&destination=The+Redwood+Seattle&travelmode=driving,"drinks, social"
Rainier Valley,Sam Choy's Poke (Late),Restaurant,10:00 PM,,,,Click link,https://www.google.com/maps/dir/?api=1&origin=Little+Red+Hen+Seattle&destination=Sam+Choy's+Poke+(Late)+Seattle&travelmode=driving,"food-focused, late-eats"
University District,Blue Moon Tavern,Bar,2:00 AM,,,,Click link,https://www.google.com/maps/dir/?api=1&origin=Little+Red+Hen+Seattle&destination=Blue+Moon+Tavern+Seattle&travelmode=driving,"drinks, social"
University District,Earl's on the Ave,Bar,2:00 AM,,,,Click link,https://www.google.com/maps/dir/?api=1&origin=Little+Red+Hen+Seattle&destination=Earl's+on+the+Ave+Seattle&travelmode=driving,"drinks, social"
University District,Finn MacCool's,Pub,2:00 AM,,,,Click link,https://www.google.com/maps/dir/?api=1&origin=Little+Red+Hen+Seattle&destination=Finn+MacCool's+Seattle&travelmode=driving,"drinks, social"
University District,College Inn Pub,Pub,2:00 AM,,,,Click link,https://www.google.com/maps/dir/?api=1&origin=Little+Red+Hen+Seattle&destination=College+Inn+Pub+Seattle&travelmode=driving,"drinks, social"
University District,Thai Tom (Late),Restaurant,10:00 PM,,,,Click link,https://www.google.com/maps/dir/?api=1&origin=Little+Red+Hen+Seattle&destination=Thai+Tom+(Late)+Seattle&travelmode=driving,"food-focused, late-eats"
University District,Aladdin Gyro-Cery,Restaurant,2:00 AM,,,,Click link,https://www.google.com/maps/dir/?api=1&origin=Little+Red+Hen+Seattle&destination=Aladdin+Gyro-Cery+Seattle&travelmode=driving,"food-focused, late-eats"
Wallingford,Murphy's Pub,Pub,2:00 AM,,,,Click link,https://www.google.com/maps/dir/?api=1&origin=Little+Red+Hen+Seattle&destination=Murphy's+Pub+Seattle&travelmode=driving,"drinks, social"
Wallingford,The Octopus Bar,Bar,2:00 AM,,,,Click link,https://www.google.com/maps/dir/?api=1&origin=Little+Red+Hen+Seattle&destination=The+Octopus+Bar+Seattle&travelmode=driving,"drinks, social"
Wallingford,Sully's Snowgoose Saloon,Bar,2:00 AM,,,,Click link,https://www.google.com/maps/dir/?api=1&origin=Little+Red+Hen+Seattle&destination=Sully's+Snowgoose+Saloon+Seattle&travelmode=driving,"drinks, social"
Wallingford,Union Saloon,Bar,2:00 AM,,,,Click link,https://www.google.com/maps/dir/?api=1&origin=Little+Red+Hen+Seattle&destination=Union+Saloon+Seattle&travelmode=driving,"drinks, social"
Madison Valley,Bottlehouse,Wine Bar,12:00 AM,,,,Click link,https://www.google.com/maps/dir/?api=1&origin=Little+Red+Hen+Seattle&destination=Bottlehouse+Seattle&travelmode=driving,"drinks, social"
Madison Valley,The Lookout Landing,Bar,2:00 AM,,,,Click link,https://www.google.com/maps/dir/?api=1&origin=Little+Red+Hen+Seattle&destination=The+Lookout+Landing+Seattle&travelmode=driving,"drinks, social"
Madrona,Hi-Spot Cafe (Late),Restaurant,10:00 PM,,,,Click link,https://www.google.com/maps/dir/?api=1&origin=Little+Red+Hen+Seattle&destination=Hi-Spot+Cafe+(Late)+Seattle&travelmode=driving,"food-focused, late-eats"
Madrona,Vendemmia (Bar),Restaurant / Bar,11:00 PM,,,,Click link,https://www.google.com/maps/dir/?api=1&origin=Little+Red+Hen+Seattle&destination=Vendemmia+(Bar)+Seattle&travelmode=driving,"drinks, food-focused, late-eats, social"
Madrona,St. Clouds,Restaurant / Bar,11:00 PM,,,,Click link,https://www.google.com/maps/dir/?api=1&origin=Little+Red+Hen+Seattle&destination=St.+Clouds+Seattle&travelmode=driving,"drinks, food-focused, late-eats, social"
South Lake Union,Flatstick Pub (SLU),Bar / Games,12:00 AM,,,,Click link,https://www.google.com/maps/dir/?api=1&origin=Little+Red+Hen+Seattle&destination=Flatstick+Pub+(SLU)+Seattle&travelmode=driving,"drinks, games, playful, social"
South Lake Union,Local 360 (Bar),Restaurant / Bar,11:00 PM,,,,Click link,https://www.google.com/maps/dir/?api=1&origin=Little+Red+Hen+Seattle&destination=Local+360+(Bar)+Seattle&travelmode=driving,"drinks, food-focused, late-eats, social"
South Lake Union,Teku Tavern,Beer Bar,12:00 AM,,,,Click link,https://www.google.com/maps/dir/?api=1&origin=Little+Red+Hen+Seattle&destination=Teku+Tavern+Seattle&travelmode=driving,"drinks, social"
South Lake Union,White Swan Public House,Pub,11:00 PM,,,,Click link,https://www.google.com/maps/dir/?api=1&origin=Little+Red+Hen+Seattle&destination=White+Swan+Public+House+Seattle&travelmode=driving,"drinks, social"
South Lake Union,The Wharf,Bar,1:00–2:00 AM,,,,Click link,https://www.google.com/maps/dir/?api=1&origin=Little+Red+Hen+Seattle&destination=The+Wharf+Seattle&travelmode=driving,"drinks, social"
Burien,Bison Creek Pizza (Bar),Restaurant / Bar,11:00 PM,,,,Click link,https://www.google.com/maps/dir/?api=1&origin=Little+Red+Hen+Seattle&destination=Bison+Creek+Pizza+(Bar)+Seattle&travelmode=driving,"drinks, food-focused, late-eats, social"
Burien,909 Coffee & Wine,Wine Bar,11:00 PM,,,,Click link,https://www.google.com/maps/dir/?api=1&origin=Little+Red+Hen+Seattle&destination=909+Coffee+&+Wine+Seattle&travelmode=driving,"drinks, social"
Burien,Classic Eats,Bar,2:00 AM,,,,Click link,https://www.google.com/maps/dir/?api=1&origin=Little+Red+Hen+Seattle&destination=Classic+Eats+Seattle&travelmode=driving,"drinks, social"
Burien,Smarty Pants Garage,Bar,2:00 AM,,,,Click link,https://www.google.com/maps/dir/?api=1&origin=Little+Red+Hen+Seattle&destination=Smarty+Pants+Garage+Seattle&travelmode=driving,"drinks, social"
Burien,Elliott Bay Brewing (Burien),Brewpub,11:00 PM,,,,Click link,https://www.google.com/maps/dir/?api=1&origin=Little+Red+Hen+Seattle&destination=Elliott+Bay+Brewing+(Burien)+Seattle&travelmode=driving,"drinks, social"
Renton,The Berliner Pub,Pub,12:00 AM,,,,Click link,https://www.google.com/maps/dir/?api=1&origin=Little+Red+Hen+Seattle&destination=The+Berliner+Pub+Seattle&travelmode=driving,"drinks, social"
Renton,Dubtown Brewing,Brewery,11:00 PM,,,,Click link,https://www.google.com/maps/dir/?api=1&origin=Little+Red+Hen+Seattle&destination=Dubtown+Brewing+Seattle&travelmode=driving,general
Renton,Hop Garden,Beer Bar,12:00 AM,,,,Click link,https://www.google.com/maps/dir/?api=1&origin=Little+Red+Hen+Seattle&destination=Hop+Garden+Seattle&travelmode=driving,"drinks, social"
Tukwila,Azteca (Bar),Restaurant / Bar,11:00 PM,,,,Click link,https://www.google.com/maps/dir/?api=1&origin=Little+Red+Hen+Seattle&destination=Azteca+(Bar)+Seattle&travelmode=driving,"drinks, food-focused, late-eats, social"
Tukwila,Great American Casino Tukwila,Casino / Bar,24h,,,,Click link,https://www.google.com/maps/dir/?api=1&origin=Little+Red+Hen+Seattle&destination=Great+American+Casino+Tukwila+Seattle&travelmode=driving,"drinks, social"
Northgate,Watershed Pub,Pub,2:00 AM,,,,Click link,https://www.google.com/maps/dir/?api=1&origin=Little+Red+Hen+Seattle&destination=Watershed+Pub+Seattle&travelmode=driving,"drinks, social"
Northgate,Bierstube,Pub,2:00 AM,,,,Click link,https://www.google.com/maps/dir/?api=1&origin=Little+Red+Hen+Seattle&destination=Bierstube+Seattle&travelmode=driving,"drinks, social"
Lake Forest Park,Third Place Commons (Bar),Restaurant / Bar,10:00 PM,,,,Click link,https://www.google.com/maps/dir/?api=1&origin=Little+Red+Hen+Seattle&destination=Third+Place+Commons+(Bar)+Seattle&travelmode=driving,"drinks, food-focused, late-eats, social"
Lake Forest Park,Elliott Bay Brewing (LFP),Brewpub,11:00 PM,,,,Click link,https://www.google.com/maps/dir/?api=1&origin=Little+Red+Hen+Seattle&destination=Elliott+Bay+Brewing+(LFP)+Seattle&travelmode=driving,"drinks, social"
Lake Forest Park,Stoup Brewing (Garden),Brewery,11:00 PM,,,,Click link,https://www.google.com/maps/dir/?api=1&origin=Little+Red+Hen+Seattle&destination=Stoup+Brewing+(Garden)+Seattle&travelmode=driving,general
Magnolia,Magnolia Village Pub,Pub,2:00 AM,,,,Click link,https://www.google.com/maps/dir/?api=1&origin=Little+Red+Hen+Seattle&destination=Magnolia+Village+Pub+Seattle&travelmode=driving,"drinks, social"
Magnolia,The Lookout (Magnolia),Bar,2:00 AM,,,,Click link,https://www.google.com/maps/dir/?api=1&origin=Little+Red+Hen+Seattle&destination=The+Lookout+(Magnolia)+Seattle&travelmode=driving,"drinks, social"
Interbay,Slim's Tavern,Bar,2:00 AM,,,,Click link,https://www.google.com/maps/dir/?api=1&origin=Little+Red+Hen+Seattle&destination=Slim's+Tavern+Seattle&travelmode=driving,"drinks, social"
Interbay,Holy Mountain Brewing (Taproom),Brewery,11:00 PM,,,,Click link,https://www.google.com/maps/dir/?api=1&origin=Little+Red+Hen+Seattle&destination=Holy+Mountain+Brewing+(Taproom)+Seattle&travelmode=driving,general
Interbay,Queen Anne Beerhall (Interbay side),Beer Hall,11:00 PM,,,,Click link,https://www.google.com/maps/dir/?api=1&origin=Little+Red+Hen+Seattle&destination=Queen+Anne+Beerhall+(Interbay+side)+Seattle&travelmode=driving,general
White Center,Can Bar,Bar,2:00 AM,,,,Click link,https://www.google.com/maps/dir/?api=1&origin=Little+Red+Hen+Seattle&destination=Can+Bar+Seattle&travelmode=driving,"drinks, social"
White Center,Zippy's Giant Burgers (Late),Restaurant,10:00 PM,,,,Click link,https://www.google.com/maps/dir/?api=1&origin=Little+Red+Hen+Seattle&destination=Zippy's+Giant+Burgers+(Late)+Seattle&travelmode=driving,"food-focused, late-eats"
White Center,Boomerang Bar,Bar,2:00 AM,,,,Click link,https://www.google.com/maps/dir/?api=1&origin=Little+Red+Hen+Seattle&destination=Boomerang+Bar+Seattle&travelmode=driving,"drinks, social"
White Center,Beer Star,Beer Bar,11:00 PM,,,,Click link,https://www.google.com/maps/dir/?api=1&origin=Little+Red+Hen+Seattle&destination=Beer+Star+Seattle&travelmode=driving,"drinks, social"
White Center,Future Primitive Brewing,Brewery,11:00 PM,,,,Click link,https://www.google.com/maps/dir/?api=1&origin=Little+Red+Hen+Seattle&destination=Future+Primitive+Brewing+Seattle&travelmode=driving,general
Kent,The Harp Bar & Restaurant,Bar,2:00 AM,,,,Click link,https://www.google.com/maps/dir/?api=1&origin=Little+Red+Hen+Seattle&destination=The+Harp+Bar+&+Restaurant+Seattle&travelmode=driving,"drinks, social"
Kent,Cloud 9 Bar & Grill,Bar,2:00 AM,,,,Click link,https://www.google.com/maps/dir/?api=1&origin=Little+Red+Hen+Seattle&destination=Cloud+9+Bar+&+Grill+Seattle&travelmode=driving,"drinks, social"
Kent,Nana's Southern Kitchen (Bar),Restaurant / Bar,10:00 PM,,,,Click link,https://www.google.com/maps/dir/?api=1&origin=Little+Red+Hen+Seattle&destination=Nana's+Southern+Kitchen+(Bar)+Seattle&travelmode=driving,"drinks, food-focused, late-eats, social"
Auburn,Dave's of Auburn,Bar,2:00 AM,,,,Click link,https://www.google.com/maps/dir/?api=1&origin=Little+Red+Hen+Seattle&destination=Dave's+of+Auburn+Seattle&travelmode=driving,"drinks, social"
Auburn,The Brick Sports Bar & Grill,Sports Bar,2:00 AM,,,,Click link,https://www.google.com/maps/dir/?api=1&origin=Little+Red+Hen+Seattle&destination=The+Brick+Sports+Bar+&+Grill+Seattle&travelmode=driving,"drinks, group-friendly, social, sports"
Everett,The Independent Beer Bar,Beer Bar,12:00 AM,,,,Click link,https://www.google.com/maps/dir/?api=1&origin=Little+Red+Hen+Seattle&destination=The+Independent+Beer+Bar+Seattle&travelmode=driving,"drinks, social"
Everett,Scuttlebutt Brewing (Taproom),Brewery,11:00 PM,,,,Click link,https://www.google.com/maps/dir/?api=1&origin=Little+Red+Hen+Seattle&destination=Scuttlebutt+Brewing+(Taproom)+Seattle&travelmode=driving,general
Everett,Tony V's Garage,Music Venue / Bar,Late,,,,Click link,https://www.google.com/maps/dir/?api=1&origin=Little+Red+Hen+Seattle&destination=Tony+V's+Garage+Seattle&travelmode=driving,"drinks, live-music, loud, social"
Everett,Madison Avenue Pub,Pub,2:00 AM,,,,Click link,https://www.google.com/maps/dir/?api=1&origin=Little+Red+Hen+Seattle&destination=Madison+Avenue+Pub+Seattle&travelmode=driving,"drinks, social"
Everett,Black Lab Gallery,Bar,11:00 PM,,,,Click link,https://www.google.com/maps/dir/?api=1&origin=Little+Red+Hen+Seattle&destination=Black+Lab+Gallery+Seattle&travelmode=driving,"drinks, social"
Skyway,Mac's Triangle Pub,Pub,2:00 AM,,,,Click link,https://www.google.com/maps/dir/?api=1&origin=Little+Red+Hen+Seattle&destination=Mac's+Triangle+Pub+Seattle&travelmode=driving,"drinks, social"
Skyway,Lariat Bar,Bar,2:00 AM,,,,Click link,https://www.google.com/maps/dir/?api=1&origin=Little+Red+Hen+Seattle&destination=Lariat+Bar+Seattle&travelmode=driving,"drinks, social"
Skyway,7 Star Lounge,Bar,2:00 AM,,,,Click link,https://www.google.com/maps/dir/?api=1&origin=Little+Red+Hen+Seattle&destination=7+Star+Lounge+Seattle&travelmode=driving,"drinks, social"
Skyway,Skyway Bar & Grill,Bar,2:00 AM,,,,Click link,https://www.google.com/maps/dir/?api=1&origin=Little+Red+Hen+Seattle&destination=Skyway+Bar+&+Grill+Seattle&travelmode=driving,"drinks, social"
Skyway,Club Rodeo,Nightclub,2:00 AM,,,,Click link,https://www.google.com/maps/dir/?api=1&origin=Little+Red+Hen+Seattle&destination=Club+Rodeo+Seattle&travelmode=driving,"dancey, high-energy, late-night"
Columbia City,The Royal Room (Back Bar),Music Venue / Bar,Late,,,,Click link,https://www.google.com/maps/dir/?api=1&origin=Little+Red+Hen+Seattle&destination=The+Royal+Room+(Back+Bar)+Seattle&travelmode=driving,"drinks, live-music, loud, social"
Columbia City,Hitchcock (Bar),Restaurant / Bar,11:00 PM,,,,Click link,https://www.google.com/maps/dir/?api=1&origin=Little+Red+Hen+Seattle&destination=Hitchcock+(Bar)+Seattle&travelmode=driving,"drinks, food-focused, late-eats, social"
Columbia City,Geraldine's Counter (Late),Restaurant,10:00 PM,,,,Click link,https://www.google.com/maps/dir/?api=1&origin=Little+Red+Hen+Seattle&destination=Geraldine's+Counter+(Late)+Seattle&travelmode=driving,"food-focused, late-eats"
Columbia City,Bar Cotto,Wine Bar,12:00 AM,,,,Click link,https://www.google.com/maps/dir/?api=1&origin=Little+Red+Hen+Seattle&destination=Bar+Cotto+Seattle&travelmode=driving,"drinks, social"
Columbia City,Rookies Sports Bar,Sports Bar,2:00 AM,,,,Click link,https://www.google.com/maps/dir/?api=1&origin=Little+Red+Hen+Seattle&destination=Rookies+Sports+Bar+Seattle&travelmode=driving,"drinks, group-friendly, social, sports"
Crown Hill,Larsen's Bakery (Cafe Late),Cafe,10:00 PM,,,,Click link,https://www.google.com/maps/dir/?api=1&origin=Little+Red+Hen+Seattle&destination=Larsen's+Bakery+(Cafe+Late)+Seattle&travelmode=driving,general
Crown Hill,Corner of Bitter & Sweet,Bar,2:00 AM,,,,Click link,https://www.google.com/maps/dir/?api=1&origin=Little+Red+Hen+Seattle&destination=Corner+of+Bitter+&+Sweet+Seattle&travelmode=driving,"drinks, social"
Crown Hill,Blue Star Cafe & Pub,Pub,2:00 AM,,,,Click link,https://www.google.com/maps/dir/?api=1&origin=Little+Red+Hen+Seattle&destination=Blue+Star+Cafe+&+Pub+Seattle&travelmode=driving,"drinks, social"
Crown Hill,Pono Ranch,Bar,2:00 AM,,,,Click link,https://www.google.com/maps/dir/?api=1&origin=Little+Red+Hen+Seattle&destination=Pono+Ranch+Seattle&travelmode=driving,"drinks, social"
Crown Hill,North City Bistro (Bar),Restaurant / Bar,11:00 PM,,,,Click link,https://www.google.com/maps/dir/?api=1&origin=Little+Red+Hen+Seattle&destination=North+City+Bistro+(Bar)+Seattle&travelmode=driving,"drinks, food-focused, late-eats, social"
Green Lake,Spuds Fish & Chips (Late),Restaurant,10:00 PM,,,,Click link,https://www.google.com/maps/dir/?api=1&origin=Little+Red+Hen+Seattle&destination=Spuds+Fish+&+Chips+(Late)+Seattle&travelmode=driving,"food-focused, late-eats"
Green Lake,The Green Lake Bar,Bar,2:00 AM,,,,Click link,https://www.google.com/maps/dir/?api=1&origin=Little+Red+Hen+Seattle&destination=The+Green+Lake+Bar+Seattle&travelmode=driving,"drinks, social"
Green Lake,72nd Street Ale House,Pub,2:00 AM,,,,Click link,https://www.google.com/maps/dir/?api=1&origin=Little+Red+Hen+Seattle&destination=72nd+Street+Ale+House+Seattle&travelmode=driving,"drinks, social"
Green Lake,Teddy's Tavern,Dive Bar,2:00 AM,,,,Click link,https://www.google.com/maps/dir/?api=1&origin=Little+Red+Hen+Seattle&destination=Teddy's+Tavern+Seattle&travelmode=driving,"drinks, social"
Green Lake,Atlantic Crossing (Late),Pub,11:00 PM,,,,Click link,https://www.google.com/maps/dir/?api=1&origin=Little+Red+Hen+Seattle&destination=Atlantic+Crossing+(Late)+Seattle&travelmode=driving,"drinks, social"
